Year/Quarter,Albania,"Armenia, Rep. of",Australia,Austria,Belgium,Bosnia and Herzegovina,Brazil,Bulgaria,Canada,China,"China, P.R.: Hong Kong",Colombia,"Croatia, Rep. of",Cyprus,Czech Rep.,Denmark,Ecuador,"Estonia, Rep. of",Euro Area,Finland,France,Georgia,Germany,Greece,Hungary,Iceland,India,Ireland,Italy,Japan,"Korea, Rep. of","Kosovo, Rep. of",Latvia,Lithuania,Luxembourg,Malta,Mauritius,Montenegro,"Netherlands, The",New Zealand,"North Macedonia, Republic of",Norway,"Poland, Rep. of",Portugal,Romania,Russian Federation,Saudi Arabia,"Serbia, Rep. of",Singapore,Slovak Rep.,"Slovenia, Rep. of",Spain,Sweden,Switzerland,Thailand,Turkey,Ukraine,United Kingdom,United States
2000Q1,-111.50514819300003,29.69833268,7.905610198,5.323885889,6.232158212000001,-3.5981517399999916,10.47557444,14.10353657,10.15155139,10.16429173,6.950968437999999,3.940887909999958,5.615664333,11.33574329,6.758045504,6.977981288,1.214362703,13.72181273,5.962418798,6.955292217,5.936414111,16.9621516,3.8692879060000003,7.360873401,14.35082491,6.400745942,19.45154006000007,16.98442873,5.957616589,1.7990758740000001,14.14823442,170.18429311,9.743023321,7.259391514,15.73325764,18.079042263999998,15.707487099999998,323.25280255,8.063637894,7.6209068470000005,56.008549058,24.61086165,14.27821858,7.895590379,54.23743117,71.63295286,-320.39290893999987,48.96317986,12.8425622,6.120483554,10.62339131,9.039347749,5.773277971000001,6.240987131,5.297996275,71.39361619,15.950522289999995,5.291923243,6.799222752
2000Q2,-108.20316351400004,6.62780908,8.007688611,4.637183877,6.258028392000001,-2.9157608699999855,8.961230619,15.73446372,10.665392800000001,11.47873904,3.260935038,4.2215656000000195,5.99298407,12.51282472,5.562239998,6.565728246,14.51159092,13.12042222,5.508726942999999,6.915515661000001,5.4344007329999995,0.17747879100000002,3.0024789289999996,6.266547632999999,14.31111728,10.12198999,19.74024535000001,19.060631,5.747395025,1.224226453,11.75405864,166.56301395499997,11.41040929,2.015600784,10.57385109,14.691988763,14.18806907,312.65202199,8.215351649,5.4095600610000005,44.452060469,19.64258903,13.217797400000002,6.808983922,46.43725318,55.86360179999999,-312.55513331999987,120.47855030000001,10.63957921,8.849026487,8.216092693,8.703806288,7.328354756,5.872150451,6.51490614,65.03018313,17.295771099999996,6.534032732999999,7.574225652999999
2000Q3,-104.901178835,-7.943698813999999,8.683877277,3.8035759639999998,5.491480775,-2.2333700000000363,12.68405782,10.26150546,9.62756939,11.54710466,4.157138562,4.502243289999967,9.489261849,6.517335875,6.19853396,6.776653595,38.16939563,12.51457537,5.060037493,7.938016922,5.259659978,-0.538245851,2.1560082169999997,6.0394899660000005,16.19862828,12.16451609,20.028950640000005,16.06018268,5.532905172,1.171861198,8.803018799,162.9417348,10.42900435,3.799300733,9.907800888999999,11.304935261999999,8.360508709,302.05124143,7.7379449629999995,5.631801353999999,32.895571880000006,18.064463699999997,10.58091986,7.459681002999999,43.69333636,46.35714916,-304.71735769999987,99.91664448,14.63581939,11.72693473,10.80896253,8.933636625,7.81822701,5.665962189,5.115894292,59.92121028,18.641019909999997,5.37761598,6.362938371
2000Q4,-101.59919415600004,5.959888101000001,6.296772376,5.393882552999999,5.285369462,-1.5509791300000302,8.930020158,10.45751042,8.603571781,9.819477202,1.9689079669999998,4.782920979999972,8.089189552999999,5.535622758,5.273553229,7.176713441,77.88192966,17.27951489,4.575008976,8.134407337999999,5.525301033,11.6923392,0.755214132,3.048103985,13.209699599999999,7.540131519,20.31765593,15.94925311,5.39369561,1.248404772,6.779939214,159.32045564500004,6.668720241,7.4329960129999995,6.756812145,7.917881760999999,10.05549961,291.45046087000003,7.073056397,7.289058065,21.339083291,14.98352465,7.015432328999999,7.332648507,45.53912008,40.41256414,-296.87958207999986,99.38552659,14.71165406,16.14213772,8.347787937,8.369417451,4.610178561000001,4.276283516,6.451742007000001,48.72500849,19.986268719999998,4.449794033,5.173406605
2001Q1,-98.297209477,14.49442093,6.076251237,3.591213975,3.488522679,-0.8685882600000241,12.83476358,11.51741059,7.525263884,12.92317357,-0.684029043,5.063598669999976,7.692288652999999,6.333426865,8.09743106,3.9555486280000003,54.59249053,12.75400145,5.198926016000001,8.504878816,4.895950382,7.683503324,3.03919473,8.689752521,15.88391177,6.995575747999999,20.606361219999997,16.55329732,5.796528788,1.354067648,8.554565506,155.69917648999996,8.122861428,5.521628197999999,2.963527317,4.53082826,4.7775787780000005,280.84968030999994,8.270883339,4.9318913,9.782594702,8.911459435,6.7224496789999995,4.2866214000000005,44.13120495,23.92034354,-289.04180646,126.0437238,8.348665092000001,9.004422154,11.83954706,8.310143043,5.238205927,3.65234309,5.659506457000001,34.98158179,21.33151753,4.236076475,4.625993053
2001Q2,-94.99522479799998,7.873350987999999,5.600541012000001,3.8627624810000003,4.015684573,-0.186197390000018,10.56564574,12.38677779,4.644817701,11.15981933,-0.9968776579999999,5.344276359999981,8.627031503,6.565509192,7.517673602,3.546604846,37.86823288,13.69589168,4.768390359,7.402370887000001,4.056034611,19.27741409,2.49716013,7.343726307000001,19.30405544,14.34298849,20.895066509999992,13.90347658,5.311388682,0.01876024,9.911511156,152.077897335,10.04824533,6.003498147,2.012304824,1.143774759,12.06430613,270.24889975,7.330893532999999,8.239583332999999,-1.7738938869999998,8.364335075,5.490978468,7.067477772999999,48.22554226,23.31534641,-281.20403084,114.1181369,0.324592636,8.769373317000001,11.54437666,8.334151972,4.00783804,3.4948967769999997,7.566549093,42.92800309,22.67676634,3.7663941089999997,3.381545498
2001Q3,-91.69324011900002,19.11211362,5.220170045,2.995118917,3.070224584,0.4961934799999881,7.649390444,9.683533852,1.44438961,10.19270783,-1.7703759419999998,5.624954049999985,6.406616896,9.731543624,7.822617087999999,3.98445312,25.53585917,13.79981905,4.481962915,5.4929246670000005,3.828073087,9.375791204,2.841571133,7.866742265,15.43824094,11.26318661,21.183771800000045,10.59882522,5.02960306,-1.3856768130000001,8.174888359,148.45661817999996,6.495649299999999,6.616807825,0.8498291240000001,5.812330628,12.50361134,259.64811919000005,5.85192195,6.751159415,-3.565890768,1.70864595,3.951346463,5.488047988,44.86813798,23.46867535,-273.36625521999997,99.62285234,-8.188629516,7.687173047999999,12.64423665,8.177718516,2.476856352,1.962275007,5.628328497,46.47465855,15.14696124,4.007570501,2.842098322
2001Q4,-88.39125543999998,13.44857584,7.898355062,2.562279325,1.9154254609999999,1.1785843499999942,8.286560392,7.931971957999999,0.755058789,8.640385281,-1.3928866169999998,5.905631739999961,6.932696299,8.327418089,8.848282277000001,2.077080559,22.05384114,12.34926538,4.332647967,3.0149797460000003,3.3831068810000002,6.303001081000001,3.631742758,7.195591983,12.14290497,18.69881667,21.47247709000004,9.603924782,4.170345518,-2.643491676,7.450741774,144.835339025,10.24808186,6.503979338,6.009919664,1.324308592,9.651630447,249.04733862999996,5.102126728,6.753392257000001,2.635247508,-2.917792093,2.0876811,6.009183064,43.80482521,21.45439121,-265.52847959999997,77.2479668,-10.26514844,8.766048131,12.60157205,8.005877365,4.145413097,0.353840004,3.051865242,49.21001805,22.36089978,3.502945366,2.1089145190000003
2002Q1,-85.08927076100002,8.231782482,6.673812904,2.310343938,2.998639115,1.8609752200000003,9.545513007,10.9264163,0.438178907,9.169489837,-3.30256584,6.186309429999994,9.233642958999999,5.27010216,5.86033206,2.53059173,14.11682629,12.16505712,2.761765103,1.514272453,2.805922184,11.94592561,0.143328619,6.415332545,16.07848126,14.01241359,21.76118237999998,9.980852574,2.793378605,-2.928605363,10.35407573,141.21405987000003,9.801817749,4.152802196000001,6.100943999,6.176554309,7.367227672,238.44655807000004,3.7120712119999997,7.9063244070000005,-0.5359197370000001,-5.1092074169999995,5.816174188,6.724561381,30.32314701,17.90233264,-257.69070397999997,34.90458426,-2.195159602,8.313351662999999,11.56746773,6.730659558999999,2.663049122,-0.6963458779999999,6.263131617999999,54.46792148,12.57876075,3.1012862360000004,2.6953258539999996
2002Q2,-81.78728608199998,5.227552968,8.041502354,2.936115177,2.847436413,2.543366089999978,13.48041052,10.62575546,3.419059289,9.23499435,-2.185319565,6.466987119999999,7.471889602,2.7142661560000003,5.782084522000001,3.7778732039999996,16.75569476,12.42362767,3.57963511,3.605736148,3.311368624,8.960445644,1.393793673,8.570260096,10.5229102,7.607813855,22.049887670000032,10.61001007,3.561807135,-1.6751904690000001,10.6195644,137.592780715,11.84475574,7.030885505,10.10185262,6.78457271,6.734451643,227.84577751000006,4.1822809,4.144612325,0.648964152,0.815029274,3.857167528,5.518983835,31.24453523,19.35737715,-249.85292835999996,28.74004382,2.8484178769999997,5.834799662999999,11.84588921,7.542250887000001,4.0047123430000005,-0.194349085,7.055269737000001,45.43648452,7.82255115,4.219255966,2.554619773
2002Q3,-78.48530140300002,22.24825764,7.466998509,3.65982874,3.45711224,3.225756959999984,14.21552205,9.645469798999999,5.8367878310000005,10.32001214,-1.067656854,6.747664809999975,11.47476586,1.5188583080000002,4.116320942,2.808834647,18.41875028,12.61543511,4.062579065,2.13452815,3.734468483,14.7579937,2.3847812580000003,6.26192195,11.83766864,5.632340373,22.338592960000028,12.62245505,4.572543905,-0.6285586120000001,9.722512646,133.97150155999998,14.40288053,9.155109387000001,5.858878536000001,3.947411653,6.680353235,217.24499694999997,4.510932498,7.421900909,5.910515381000001,0.30324327100000004,3.51757267,5.64663481,28.04974685,20.19455649,-242.01515273999996,26.00619983,5.105901686,10.37585202,11.62859746,6.716474316,5.248649393,0.157214939,8.105392269,44.81969626,10.28492008,4.567061692,3.851009172
2002Q4,-75.18331672399998,20.75869974,6.710166065,2.352865254,4.1594101939999994,3.90814782999999,15.06914032,8.954189358999999,7.315938729,10.25797054,-0.766352796,7.0283424999999795,10.72211665,6.769899296,1.911957265,2.203164465,17.294708,10.66367373,3.1552416130000003,3.322601077,3.06591941,11.27743335,0.77304473,8.328972214,14.726358800000002,0.460503024,22.627298249999996,12.44849485,3.231501625,-0.165983552,13.15151761,130.35022240499998,13.67939453,7.649045015,0.651439396,4.718949758,10.59780069,206.64421639000005,3.599179711,4.090140517,3.649545302,3.202189306,2.7800514730000003,2.34300419,29.73860072,22.2470341,-234.17737711999996,21.85041149,6.441833362000001,9.889604676,10.43988285,6.714487742999999,3.2570287760000003,0.361117565,10.290442500000001,43.88130218,11.73772034,5.4029943639999995,4.262220723
2003Q1,-71.88133204500002,14.80482204,5.667479617000001,3.164876612,3.0571333110000003,4.590538699999996,16.05185702,6.597802757,8.183512329,13.42650694,-1.250677072,7.309020189999984,9.76188742,7.745747538,4.920449183000001,2.805567561,18.90713703,13.88355776,3.0128128239999996,0.6744013259999999,2.931096128,7.281531792000001,0.841792057,9.02335529,5.913878104,7.973442584,22.91600353999999,7.160031331,3.140846577,-0.894857062,7.575140127999999,126.72894324999999,15.36494633,11.17384194,1.060994489,4.855785722,15.97322819,196.04343583000002,3.154141749,4.645890639,4.207598722,8.680261189,2.593119633,1.681308821,25.450129800000003,35.48695535,-226.33960149999996,21.01182081,3.87232332,10.71949895,8.784866092,7.379930592999999,5.5567418989999995,0.48790622100000003,10.02818312,39.42797322,19.14937007,6.6124424610000005,4.280711168
2003Q2,-68.57934736599998,24.68827406,4.960250404,1.945715729,2.687471025,5.272929570000002,14.05273175,7.414008702,4.023978943,11.44895666,-6.996002194,7.589697880000003,11.13163543,6.561364923999999,4.38805049,0.493446719,12.39589723,10.84759007,2.435146734,0.21784756,1.830804899,14.69425455,0.329763978,8.89022378,9.376970449,0.727419226,23.204708830000015,7.078382617999999,3.0513844580000002,0.130875828,5.517124684,123.10766409499999,12.58667244,7.835477147000001,1.821478006,5.696353684,9.828549816,185.44265527000002,2.067275386,6.055752349,5.7447698560000005,-1.552552445,4.658934192,0.331086864,23.32327877,31.83921957,-218.50182587999996,21.90246329,-2.8922170030000003,10.92847412,8.572305341,6.853610464,2.275335697,0.318285124,8.247873471,33.3882332,21.31212962,5.168223628,3.974893401
2003Q3,-65.277362687,17.81274588,5.716267847,1.818171681,2.679576672,5.95532043999998,15.68091298,7.590197277000001,4.55317923,12.90770476,-3.0791247760000005,7.870375569999993,10.28966218,7.597817719,4.893654743,1.314594845,11.32873658,11.39644961,2.821395503,3.035422343,2.6065186000000002,16.66436599,0.474771093,10.26035719,9.682097054,1.8059918869999998,23.49341412000001,4.336321296,3.7033068589999996,0.037776254,6.162517232999999,119.48638494,16.28110536,8.686590845,4.277557258,6.200624903,13.31341251,174.84187470999998,1.720626334,6.12805631,3.92866818,4.369590886,3.9059744139999997,2.370031255,27.91891841,29.66537128,-210.66405025999995,14.83798357,2.7691320310000003,10.20622415,9.455092385,7.060861796,4.340412364,1.078773978,9.806957371000001,28.00179456,16.51374737,5.503244963999999,4.855682032
2003Q4,-61.97537800800001,19.51481203,7.609931085,2.173147069,3.194928243,6.637711309999986,15.78591572,8.312965744,3.959259187,13.7176404,-1.3179741109999998,8.151053259999983,9.474979689,10.59788753,5.470357821,2.898461183,12.1827004,11.17414445,3.2710983510000005,4.6767643230000004,3.403520445,19.6448288,0.800620746,9.535011752,13.3410272,0.89152772,23.782119410000007,9.519915624,3.267595889,0.244734007,7.565240665,115.86510578500003,11.32255041,11.12487055,10.13516124,7.248873519,9.18917483,164.24109414999998,2.3815599219999997,7.102646687999999,2.031516988,3.905460433,5.795701467000001,5.368594817,26.71679867,30.11662674,-202.82627463999995,13.57088917,6.836346302999999,12.52459776,8.276000789,6.866944139,4.141275193999999,2.7622538010000004,9.853492334,24.38024285,17.53090504,5.801808185,5.913740604
2004Q1,-58.67339332899999,14.48416379,7.930110981,2.918744305,5.129754344,7.320102179999992,11.96799247,12.98445978,3.795678582,15.82236677,3.072355045,8.431730949999988,8.154092828,9.1232385,7.981292978,3.821054123,10.45810928,14.69406415,4.234616802,4.521714448,4.434580448,11.89505269,2.745200568,9.778304502000001,13.79383693,7.233155542,24.070824700000003,8.264071186,4.0548576910000005,1.849912044,8.546370554,112.24382663000003,16.61476948,5.98892112,7.409425216,4.668273718,10.29885244,153.64031359,2.443152608,8.186019642,-2.608022951,6.335388234,10.01087251,4.001284128,27.66122947,23.30853769,-194.98849901999995,13.72929178,10.70857916,13.61655925,7.878320167999999,6.770064007999999,3.854507954,3.70290863,7.58419059,23.03724524,27.381473100000004,4.719694576,6.484888392999999
2004Q2,-55.371408650000006,19.89814388,8.707627224,3.644036602,5.331621496,8.002493049999998,14.99033934,13.27855392,6.921879702000001,18.94287479,8.086079712,8.712408639999992,7.73137013,6.723372317999999,7.173644972999999,5.193982142,13.51547342,7.118922834,4.961308322,5.126845691000001,5.325364713,15.24637929,3.434522491,9.641466079,13.64942987,10.19819493,24.35952999,8.975519587,5.02236878,0.631973946,9.623865262,108.62254747499998,13.12604818,9.024926424,6.349579503999999,-0.996922903,13.277784299999999,143.03953303,3.47688018,8.957044524,-0.888418278,11.11912047,8.815408562,5.605218991,26.65989292,28.04643244,-187.15072339999995,13.6426807,16.45074073,8.953528803,7.629851842000001,7.064544607,5.554757956,3.928353715,10.37940434,23.75346052,29.29208198,5.402743787,7.087391426
2004Q3,-52.06942397099999,21.071757100000003,7.9954449610000005,5.147842175,5.997076022999999,8.684883920000004,15.00001583,13.134576800000001,7.482824705,18.59661849,3.35370195,8.993086329999997,7.11598011,10.03826174,8.293445237,5.227568872,13.38598221,13.41933718,3.856699387,4.389908499,4.221616794,14.58919268,1.3731725080000001,8.855056277000001,9.513263079,12.05666487,24.64823528,7.662408861,3.318227023,1.191283868,9.444108121000001,105.00126831999998,16.179615599999998,9.849148272999999,8.330429018,1.7185912859999999,10.49074693,132.43875247,3.344599465,8.220612619,4.574326297,9.746806802,9.588839069,4.395617571,26.61001739,27.60390418,-179.31294777999994,18.39684692,15.57429585,11.82372718,8.060877997,7.107634843,4.722128375,2.7117349660000003,10.45139346,23.12465417,31.1204031,4.763774168,6.298499688
2004Q4,-48.767439292000006,13.85221647,6.517815362,6.23910348,5.747809297000001,9.367274789999996,13.74409705,10.6995632,7.462937323999999,17.53295413,4.875078169,9.273764020000002,8.761130075,5.811915888,12.54836062,5.001963966,13.88497709,12.11559237,3.9924943999999996,4.445854277,4.030506759,16.48776692,1.735479356,5.203236714,4.866302813,14.09007094,24.93694057,4.613953293,4.117936868,0.686855106,6.511524347000001,101.37998916499998,17.57832476,12.23071932,4.84243526,3.8630166360000002,11.77541043,121.83797191000002,3.566276707,6.657775686,15.40106824,12.90544193,11.91781786,3.0002821710000003,28.81304919,35.31093488,-171.47517215999994,24.24747562,14.50999448,11.09624735,7.89475087,7.522891657000001,4.580927463,2.215773999,11.83308511,23.78682915,28.11096467,4.639683494,6.50975468
2005Q1,-45.465454613000006,16.18722115,6.52207045,4.260829154,4.150546678,10.049665659999995,12.34912625,12.13891883,6.8577604679999995,17.10455469,4.452361453,9.554441709999992,4.953760751,7.114793044,7.896944277999999,3.356567446,11.40135466,9.72681715,3.05069207,5.689378921,3.277422727,24.14102886,0.06543313099999999,1.8917058690000002,2.6619800259999997,6.610201311,25.22564586,8.141590612,2.878554326,0.300003212,4.948957986,97.75871001000002,17.07468084,11.66398954,4.885029815,0.800565745,4.981730061,111.23719135000002,3.258855502,4.271906872,5.359627272,7.147768536,7.369973687000001,4.043009658,24.90701249,26.82151968,-163.63739653999994,20.62934788,8.306258431,7.914326582,4.147349422,7.806160745,2.078564221,2.11218521,10.21703114,19.2764108,31.53580866,5.286624400000001,6.401277983
2005Q2,-42.163469934000005,22.19134265,7.492925399,5.629283697999999,4.551421147,10.732056530000001,11.15878368,14.87565645,5.688458757,15.74205184,6.828940604,9.835119399999996,8.114622465,8.479840600000001,8.051587109,6.863638774,13.04440057,18.818444600000003,3.7837873060000002,4.241369746,4.207197301,16.13355007,1.4067409309999999,3.301754602,5.538577632999999,10.75032305,25.51435115,8.654854689,2.3490002690000003,0.60977171,4.5365082999999995,94.13743085500002,20.31540786,14.898204999999999,6.813861455,9.240577615,5.317415298,100.63641079,4.072635274,5.962948153999999,15.92044346,13.73727663,7.266273247000001,4.6963257469999995,15.35843858,27.85422177,-155.79962091999994,22.62199991,9.548673153,11.12911187,7.725951973,8.257210376,3.8365294000000003,3.426101744,8.649061948,17.64388106,29.38669584,6.086031452,6.523476392
2005Q3,-38.861485255000005,13.70008097,8.309615617,4.597234548,4.099197264,11.4144474,9.42238859,12.82429988,6.10233839,14.79584279,8.965197077000001,10.115797090000001,8.423775283,7.149318709,6.047533882000001,6.064227756,15.62322936,16.5006659,3.50222382,3.278107108,3.341320777,17.77046574,1.354571899,1.839454985,8.448840828,10.84479334,23.99593848,9.81550146,2.818347995,0.684152922,5.877929029,90.5161517,23.97839033,17.12478255,8.622609313,6.4928340360000005,5.906989772,90.03563022999998,4.378690888,5.550627638,12.65032615,12.41823994,6.894529782,3.0995421430000003,15.63457062,27.23573196,-147.96184529999994,22.6204969,9.11114903,9.461124052999999,4.870567363,7.70498969,3.697983422,4.6310685860000005,10.56178117,15.66746214,23.59639857,5.28542504,7.714946147999999
2005Q4,-35.559500576000005,19.09092591,8.673695661,4.8422261980000005,4.961695608,12.09683827,10.75012813,16.28181943,7.073207451,15.58628835,8.409880147,10.396474779999998,8.521873224,5.241512558999999,5.08441092,4.910144796,13.57333991,18.35706552,3.9059138669999998,2.0044855619999997,3.689933692,16.40587579,1.688677947,4.306058625,10.59969369,7.920286878,28.69359411,9.330338784,3.300850622,0.822878964,6.136223947,86.894872545,29.65031074,16.22821345,9.471571405,4.802033567,6.782328565,79.43484967,4.583275602,4.650991738,6.000656717999999,13.0064862,3.577981373,4.697758585,15.62334493,25.92338982,-140.12406967999993,18.62178832,10.54964471,8.808451271000001,4.675652383,7.834556067,4.545797658,5.093793774,8.60563064,15.08046975,28.62564922,6.276704811,6.308600511
2006Q1,-32.257515897000005,11.93680277,7.776158242,6.154302319,5.203160119,12.77922914,10.91834526,11.31487767,6.288677687000001,16.37839187,8.409221955,10.67715247,10.57188985,7.131280389,6.670183622000001,7.226235515,14.7529724,19.36417968,5.433338957999999,4.738167429,4.175475322,12.97303437,4.401133433,9.548144461,8.873500046,12.73804817,12.74303309,10.09103256,4.525159778,1.179086329,5.638250672000001,83.27359339,24.66686047,14.79019389,16.44120435,6.331123029,17.77697479,68.83406911000002,6.505663762999999,5.5794540889999995,14.25054947,17.98013011,6.430843433,4.3333370989999995,17.70598985,29.92725982,-132.28629405999993,20.81630381,10.47321848,8.944849077,7.56009356,8.471861334,6.974465222,6.650274763,13.31534889,14.00444104,20.70734586,7.187393985,7.232991847
2006Q2,-28.95553121799999,23.48969067,7.35045996,4.518235959,4.545454545,13.46162001,8.667499814,13.23204056,6.314891277999999,17.59244169,5.425855401000001,10.95783016,8.605536899,8.46253579,6.4951972520000005,6.590184862999999,14.73596857,17.98410767,4.901210465,4.213938412,4.3723929560000006,18.88590612,3.1740722480000003,9.79231713,7.690714633,14.85328365,16.33571296,7.54593848,4.036628358,0.27739604,4.662593285,79.65231423499998,25.97476454,13.73149722,12.72074105,4.92156277,13.70082574,58.23328855,6.016254315,4.145703361,10.97842237,10.06725317,5.8419914429999995,5.034121422,23.69629175,25.40833423,-124.44851843999999,20.68838533,11.90233878,11.9200906,6.565674412000001,8.151637391,6.267075133,5.884196552000001,11.90694912,19.06622879,24.19892436,4.423652107,7.145231365
2006Q3,-25.653546539000004,21.73661137,8.29912834,5.354351067,4.907650317,13.9135839,11.75499224,15.54144821,4.890768759,16.68525926,5.110317663,14.821494,8.317884268,8.031026568,8.619861849,6.486121849,12.17136282,20.25768009,5.200786996000001,5.109399529,4.734570775,19.57580571,3.8987534360000002,8.063906162,8.592205127,12.45102257,15.299934799999999,10.0414863,4.084846582,-0.44165822299999996,5.170495794,76.03103508000001,26.45411655,15.78897823,10.24289633,4.694647709,15.56907313,47.63250799,5.785393958999999,3.394621575,8.454772412999999,10.16152924,8.042704655,3.908226673,18.369725199999998,24.47478143,-116.61074281999998,16.93396874,11.15302125,11.92254399,8.948698222,8.096042631,6.35457814,6.03279224,9.033596332,17.1652593,24.04750083,6.140642939,4.7621294789999995
2006Q4,-22.351561860000004,14.80142799,8.136566811,5.653963073,4.860959053999999,14.17176667,12.51547423,15.16248537,3.766564909,17.76369371,6.991113125,14.75926068,8.889260508,8.111935797000001,7.969327705,4.140574968999999,9.633325679,20.74697326,5.7041457620000005,5.819705923,5.321376957,22.01026458,5.40467413,10.01085512,6.460116732,16.33415775,17.06115833,6.961185717,3.267499242,1.0497568940000002,4.6991801980000005,72.40975592500001,26.28372621,14.26904898,11.25145917,3.139354535,18.53825883,37.031727430000004,6.139567963999999,7.311873301,2.506754045,7.968189412999999,11.07178723,6.069440035,18.57629143,20.1071809,-108.77296719999998,15.08217896,10.57808067,13.38752405,9.229542222000001,8.271013025,6.439563897,6.120803747999999,7.3448902170000006,17.22328835,23.52849821,4.598111351,4.8602635880000005
2007Q1,-19.049577181000004,18.19522548,9.633271106,5.710570944,6.06649865,15.57653539,13.91965573,21.15061326,4.5784333319999995,21.41171523,7.455247969,14.67243394,9.75988062,9.140855164,10.54171805,4.122860734,5.829894465,22.66552352,6.030674022,7.406407928999999,4.939980921,20.40702105,5.779703186,5.465115318,8.998292007,14.13707271,22.56065844,9.654576421,4.772041175,1.662497366,6.726229837000001,68.78847676999999,36.37128575,19.6547858,8.427512137999999,9.461507419,13.96984139,26.43094687,6.48245651,7.4527684139999995,10.36339606,3.166237953,11.43717216,6.348532511,22.01486998,17.04269078,-100.93519157999998,17.48181887,13.92591106,14.64846708,11.93983588,7.5400221510000005,6.9814010820000005,6.301453875,6.793758799,17.61099489,31.12047241,4.698669606,4.364793354
2007Q2,-15.747592502000003,15.63875559,10.1449676,6.7069268079999995,6.293809127,12.64331301,15.23734961,17.15601638,5.439384635,22.98754777,8.159973565,11.88087594,9.813245815,9.209313909,9.224198053,1.0123181159999999,6.44528985,22.54710201,5.545940269,8.734709036,4.830396067,21.63981512,4.774173734,8.087441686,4.33291609,14.76782528,19.15605938,7.591654784,3.6036383389999997,1.388988225,8.72140417,65.16719761499999,35.71476073,21.90334955,11.7563359,6.308864718,15.56302648,15.83016631,5.602930701,8.311594203,6.793916163,5.284250514,11.33295688,5.1950584939999995,23.696367199999997,21.97599483,-93.09741595999998,15.3329295,16.91061594,11.27416071,11.21235214,7.299195405,6.247138552000001,6.878861447999999,6.881446485,10.092593699999998,32.10126743,4.927127174,4.302678852
2007Q3,-12.445607823000003,19.75455614,8.257373471000001,5.38211979,5.622774003,11.88901035,11.97677309,16.69077809,5.922166259,23.93199286,10.82438776,11.08566207,9.112722892999999,9.482990207,9.196246112999999,2.660827163,8.217433768,19.85487658,5.569556231,7.892464587,5.52975211,24.9394651,4.859054148999999,7.162990685,3.9595997000000005,14.04415826,18.66779337,3.897477655,4.024666342,0.981983698,8.072856168,61.54591846000001,32.70147988,21.33868659,10.80472623,6.868287124,16.68057319,28.75176437,5.846598725,10.02684663,13.93408397,4.970582639,9.906172006,6.371745054,22.69319695,22.360098800000003,-85.25964033999998,14.64583147,17.254963699999998,12.57240988,12.53464477,6.476796004,5.664373245,6.766581999,7.775964386,9.380748277,30.92332323,5.026041526,4.833949916
2007Q4,-9.143623143999996,19.54716717,8.251357365,6.30270054,4.80035266,10.34018417,10.83144565,19.05837005,5.659221968,23.65187295,12.33295226,11.81325085,9.291755808,9.919460482,8.441034224,5.664665089,15.30443031,19.05106421,5.102865303,8.681254464,4.888642723999999,25.03972008,3.8617038339999996,6.4352935229999995,5.947189627,13.33987861,18.89733873,5.386097507000001,3.6847589530000002,-0.294402332,9.745753979,57.924639304999985,25.44924255,19.49713742,8.942808286,6.259729952000001,12.18729854,24.05368071,5.781801221,8.127933632000001,14.01500598,10.44244087,11.46293359,4.41216717,27.23281492,30.97059258,-77.42186471999997,15.63926765,13.85355771,10.20477479,10.20111771,7.256447045,6.552793865,6.550566302999999,10.61658468,10.5383679,35.07857682,5.826298576,4.93228591
2008Q1,-5.841638465000003,20.69794031,7.631938427000001,4.937222382,3.458008178,16.0345074,12.76992418,13.25357182,4.90269189,21.36887611,9.66978229,11.50297922,8.138064016,10.08973517,5.217675038,4.012511398,21.16395443,5.280910556,3.856317829,5.737648752,4.243866615,22.90183261,3.001694107,5.766402026000001,9.354651823,11.3555319,16.14632848,-2.735261463,2.876382884,-0.581116375,7.564741239,54.30336015,17.94274349,18.8386535,7.04332503,6.573487824,14.91910605,16.92632155,5.189214135,7.91089243,12.00354515,10.48859923,10.67234287,3.759151418,28.06678022,30.93453802,-69.58408909999997,18.06382134,8.105157169,13.57670031,9.654480226,4.535365002,3.7942261669999997,5.5081231,8.428007447999999,14.98552564,37.30171252,5.320160843,4.7071113769999995
2008Q2,-2.5396537860000024,14.95342493,9.2127105,5.109694609,3.757205442,14.54360856,14.74237797,18.13244818,5.162099477,21.50332811,5.990695122000001,12.17050279,8.774705181,9.844252389,6.877632854,5.752530558999999,26.48304679,7.278793074,3.982083536,5.507642387000001,3.863686009,21.11049963,3.872648807,4.088218857,7.877304688,11.7805676,18.08832691,-4.411459668,3.119344126,-1.611395977,7.908169064,50.68208099500001,11.4296097,18.20747674,3.1674587780000003,6.100680272000001,12.32798353,23.33448318,5.39688046,4.9196048260000005,10.51159918,16.21107236,8.88077663,2.542070159,28.62206218,31.80891485,-61.74631347999997,17.98068778,2.196225401,11.1430618,10.53612634,4.522270338999999,4.589804906,5.770391562,11.78178234,17.35376663,41.44808203,4.684884483,2.5921602669999997
2008Q3,0.7623308930000015,21.4375167,11.00782176,3.76131997,2.752600741,13.40321338,17.45426952,15.97704076,8.104475825,18.67819194,2.9150680280000003,12.6267893,8.334176304,9.08766451,6.406815276000001,4.997285579,25.461723899999996,1.1921713040000002,2.725025752,4.678476413,2.47538448,4.855078721,1.8011870380000001,5.255154117,3.4072475410000003,12.9274061,11.07341411,-2.436972288,1.9119056280000002,-2.31646863,7.024103749,47.060801839999996,5.814645691,11.57080161,3.002662698,6.646576402999999,10.75770295,9.750587651,5.137726616,0.566350287,9.736521116,13.76750217,8.090950867,2.5770166430000003,29.75266969,29.64610522,-53.90853785999997,15.46630447,0.10099249800000001,8.250589188,7.877981129,3.428319568,4.0247379389999995,4.672199196,10.21111218,13.1783565,38.54762322,1.706061074,1.44032083
2008Q4,4.064315572,0.879202285,8.716300883999999,0.260336128,-0.33761346,9.423259007,12.2918873,11.74595594,1.92191496,12.74919187,-3.417961514,8.855148193,4.951176278,5.387212817999999,0.7775421690000001,-0.116283637,11.92090394,-6.980461093,-0.463412996,-0.12347154199999999,0.057768584000000005,4.37790155,-0.9947943220000001,1.159805739,3.586027322,20.58952554,7.4541705689999995,-9.610072652000001,-1.900461756,-3.66513013,1.656270445,43.439522685,-1.169687474,3.793499362,-2.489025971,9.409719756,8.235459005,14.63830885,2.489131785,0.736956873,12.76614501,4.170248555,5.928099936000001,-0.399982581,22.25069858,8.388541167,-46.07076223999999,10.61401878,-7.552206041,2.3569095680000003,4.73852472,0.384499555,-1.044635458,1.073485362,-1.9096651669999998,7.273142397999999,13.60275126,-0.38461635299999997,-1.305259637
2009Q1,7.366300251,-3.104464057,6.369708902,-2.029210811,-2.625443014,1.244723791,6.189388155,5.321519992,-3.753272083,6.638836676,-7.099259245,5.411925064,-4.616246193,-0.852661807,-0.068629864,-2.7743797189999997,3.5580903760000004,-11.07999964,-4.151537718999999,-5.527833582,-3.120943893,-5.347836717,-5.143395503,-4.458385612,-4.844436579,4.9444292039999995,9.792379371,-10.01404399,-4.762605051,-8.578840535,2.361113872,39.818243530000004,-18.26647405,-10.79419031,-4.938768044,1.542393215,1.509253874,4.4942773030000005,-2.122205439,-0.092029031,2.974937123,-4.560855292,6.317037865,-3.88608375,0.491344324,-6.11671323,-38.23298661999999,6.442794216,-5.7238866139999995,-7.602494921,-1.765133616,-3.6041751410000002,-2.674849649,-1.886916831,-3.650594955,-3.1648360380000002,-1.269723544,-4.067114692,-3.633604439
2009Q2,10.66828493,-15.96724423,2.274018023,-4.040857013,-3.970044112,-0.820385218,4.425113337,4.990056149,-7.036728468,6.547938174,-3.097794757,6.063940145,-4.582257727,-2.6738633999999997,-2.96809167,-6.580987965,-1.267052857,-17.88971691,-5.120209249,-7.743201683,-3.946937666,-13.5393669,-6.346518665,-0.863176568,-4.200328131,5.216332468,10.92712722,-8.734299522,-5.497204902999999,-6.444142236,2.874296578,36.196964375,-21.77258279,-16.73067263,-6.1899710820000005,0.7437738340000001,2.282879134,-9.770589759,-4.024624387,-0.123280974,2.348732741,-9.94629758,6.23465111,-2.665541417,-0.491169501,-9.703301726,-30.39521099999999,4.718570559,-0.173862479,-7.836574071,-5.937735400000001,-4.5627082969999995,-2.9084619989999996,-3.540990305,-4.181573984,-3.409605107,-9.291073706,-3.8561440589999996,-2.997192384
2009Q3,5.022416999,-21.53706965,-0.630126913,-2.183990396,-1.49420472,-5.446649963,4.9520733,-3.2010115519999998,-8.003435727000001,8.958029397999999,-3.409132596,3.6358220230000002,-6.230818752999999,-3.588663504,-4.976223362,-5.5167422539999995,-2.6736296040000003,-17.69700942,-3.70021729,-7.184478056000001,-3.244101123,-3.379526367,-3.546430965,-2.890481592,-2.2709279959999997,6.393337915,16.37695882,-10.06294317,-3.366027077,-5.441120852999999,4.673575554,32.57568522,-26.81314093,-21.94800164,-4.138405774,0.17316428,1.642197457,-2.314241117,-4.326601663,2.7378964939999997,-1.182045508,-7.977701591000001,7.424109927000001,-1.302224711,-4.477595958,-9.79647242,-22.557435379999987,5.156289903999999,3.698846536,-6.358078232,-5.843125126,-3.4499370039999997,-2.759577417,-2.23141128,-2.7909332210000004,1.093751814,-9.457372193,-1.604532589,-1.787355086
2009Q4,0.740950193,-1.599042749,1.052478725,0.427523485,2.043649692,-5.35201593,12.85786927,-3.037697057,-1.622168344,13.6718565,2.039098708,5.936672201,-2.654414569,0.182191322,-0.529168481,-2.666473837,5.732525539,-11.11464209,-1.5364090730000002,-5.293906524,-0.939834334,-0.66555289,-0.830043843,0.6142476139999999,-0.159955681,-2.417017024,27.15215501,-9.188272962000001,-1.247964065,-3.54998687,7.589446763,28.954406065,-23.13715082,-19.96362203,3.1632565180000003,1.083768226,4.857172455,-4.517340658999999,-3.337009477,2.3891127009999997,-3.436552947,-4.86622644,6.881583888,-0.490977183,-1.297836452,1.860411999,-14.719659759999985,3.720501076,14.86050939,-4.488453742,-3.727824815,-2.875840705,-0.037796629,0.21853237600000003,9.030763113999999,6.21071904,6.470364135,-0.69634784,1.231105665
2010Q1,6.229548393,10.24873653,3.786050939,0.903485133,3.633686126,1.405623338,17.22860934,-3.559935709,4.442518698,18.27824578,8.675356589,8.263195209,-0.8622909320000001,3.132519383,-1.491378584,2.324667759,11.58716983,-3.7812890180000003,1.658319308,-0.013719303,1.583967796,11.936522199999999,3.7977879910000003,1.623581369,0.59119985,6.984659837000001,22.42925368,-3.9244630239999996,0.9742298090000001,2.051491527,10.653780099999999,25.333126909999997,-13.13983219,-1.57913328,4.416130117,9.853722071,4.624990818000001,9.515040224,-0.544936445,4.783637239,6.39381678,6.437798383,3.206625015,4.071094577,0.071396355,19.93039813,-6.881884139999997,2.881469837,20.24352932,4.870343981,-1.729100881,-0.275251733,4.377897914,2.848210773,16.59707857,13.63636778,14.83695537,2.8219763889999996,2.315088692
2010Q2,5.686244735,11.59582774,9.026070321,2.864984932,5.868604355,2.887124287,17.49270335,-1.6781563519999998,6.497320544,18.45996819,4.048842216000001,8.773934235,-2.081985923,3.7519730389999997,2.02870744,6.570446855,9.506308636,1.879434654,3.073549257,3.984911288,3.21884334,23.16751605,5.047292207,-4.761431889,2.97874801,3.376867595,19.91795416,-3.3036714480000002,2.8051121460000004,1.694645694,10.60510693,21.711847755,-8.243482507000001,0.9543873740000001,10.94596869,7.871301006,4.287461948,3.646581045,3.151236489,5.290599928,5.118149203,7.342651427000001,6.15403238,2.19092741,-0.023137212999999997,18.73703167,0.9558914800000053,4.628850288,18.984748100000004,6.47188649,1.248897948,0.510946759,6.160679416,3.9331776869999997,13.20179063,15.47986285,19.356104300000002,4.586452293,4.18905178
2010Q3,8.259139881,6.98207096,9.938310197,3.127203455,4.710093564,0.53565228,17.01267967,2.705132797,5.834615062999999,17.93807021,8.437795971,7.397571018,1.8043773719999998,4.829370718,2.096900418,6.175352081000001,10.45236631,9.696699686,3.262221648,3.085553997,3.9153474939999997,24.9768523,5.2752367719999995,-5.918042343,6.400767257,0.042753507999999996,20.836044,1.240949207,2.3174984430000003,3.84939136,8.345907165,18.0905686,-0.301857559,7.698422944,9.786642456000001,9.331717061,6.053910738,-2.079172194,3.116141706,4.448055465,8.887222436,4.120658227,6.182029793,2.1704022640000002,1.4658980080000001,16.08948479,8.793667100000008,8.285674456,12.59648345,7.78265691,0.44756102200000003,0.44367683700000005,7.7552845139999995,2.9771453969999997,10.8974565,17.18534954,20.03148147,3.315683308,4.46577124
2010Q4,13.20388943,12.2041819,9.208099823,3.8617679710000004,4.977414966,4.3704873619999995,14.87015805,8.063075731,7.240819538999999,18.32963388,7.016007589,9.381003545,-0.650765398,3.980016305,1.121922286,5.491075386,13.41540621,10.30422748,3.1924720539999996,6.735162221,3.435692426,23.7819932,5.242208272,-9.377357283,4.3895380589999995,1.177467695,15.91449638,1.203944837,2.456109094,1.349721423,9.444185318999999,14.469289445,2.655207561,9.724377716000001,9.397917782,8.516940301,6.982229522000001,9.715697589,3.4522100539999996,5.295096408,1.870484865,8.822161643,6.0898652239999995,1.281429591,-2.78496938,22.49228511,16.631442720000003,9.536123542999999,12.19864265,6.26308748,1.064341849,0.557072049,9.385957552999999,3.5551559860000004,7.324510867000001,17.20048656,17.84208258,4.146530257,4.018177887
2011Q1,9.300546099,12.44997139,8.557925946000001,6.255375652000001,4.953846509,5.214189749,14.68120336,15.19213857,6.51551203,19.392397600000002,9.622903475,12.57086306,-0.103860224,2.50162022,2.054262139,4.4603718,12.88775841,14.02110006,4.0854620210000006,7.757043542000001,4.361729185,17.96624348,6.879774242000001,-10.02517058,3.840484865,2.787737905,18.37276981,1.076305497,3.5962524360000003,-0.7570672709999999,6.615402262999999,10.84801029,8.383867806,10.01848203,12.061487199999998,2.645672268,8.633255164,-0.292075943,3.172927103,3.911931591,5.002627667,8.391959957000001,8.285823776,-0.82728011,8.948978678,21.31470733,24.46921834,15.00135693,10.97880983,3.87654616,5.515254057999999,0.435174186,6.600977138999999,3.394731335,7.6213206620000005,21.05973296,19.12573592,4.6542313019999995,4.34440931
2011Q2,0.292971382,10.91718571,7.838086097000001,5.234822474,3.317012394,2.50224413,15.10018862,12.44760982,6.145821577,19.67691152,10.620736099999998,13.53091647,2.79133446,3.040644724,1.2894967640000001,2.641097985,15.56646307,15.11507752,3.017611543,5.047032522,3.358208209,17.73127938,5.246215138999999,-7.473619748,3.4289399560000002,3.0489879660000003,16.47932815,3.2764625560000002,2.711039548,-2.9665511430000002,4.30914074,7.226731135,13.58370821,12.12417121,6.580272695,2.066461966,9.252237014,6.610840141000001,1.765748904,4.836786256,8.439022852,6.436767842,7.776507614,-1.024782656,4.476560114,22.42906576,32.30699396,13.42530649,6.1883897889999995,5.261576865,1.8906912669999998,-0.348530175,5.0458962419999995,2.716376673,5.985942046,20.75187817,21.41775421,2.781242991,3.6606430060000004
2011Q3,3.3778130689999997,9.32432377,8.059223411,4.887867016,2.993174254,4.849125387,11.46361948,9.808595811,7.0421521579999995,19.43920418,8.464855636,14.43154692,1.5947369530000002,0.924614575,1.4539202740000001,0.16884034399999998,14.56801794,13.43093372,2.653448753,5.979915776,2.626472204,18.72160762,4.745309957,-6.68219311,3.87197831,8.445023225,14.99589013,2.054628601,2.617810119,-2.090113115,4.52565095,11.04592663,15.06891633,13.98210506,6.894369671000001,0.761728692,7.127604167,9.695645404,1.6148726830000002,5.76667773,3.836547542,9.462825641,8.088733114,-2.057412176,6.365758164,21.28794945,31.60911286,9.280591108,7.835715552000001,3.989258511,1.0286219490000001,-0.845605374,4.875506393,1.378722297,7.360421951,19.92122337,22.64699813,2.619566435,3.578306637
2011Q4,7.363618047999999,6.351317772000001,6.3494065079999995,3.069518224,2.957033842,1.226737512,9.782204833,-1.065880078,6.21776156,15.67831842,7.212507051,14.41557717,1.3510054180000002,1.6846591480000002,2.17574957,0.839953336,12.92621503,10.63470266,1.386197961,2.5662774180000003,2.347020575,13.34864965,3.424872558,-9.554157542999999,4.397333464,5.8704922,14.61457428,1.405494922,0.582428332,-1.3512624080000002,4.740062078,8.676728377,15.33306449,10.48272932,4.695525642,1.036394985,4.9474206689999995,0.01864308,0.51506411,4.917270868,7.275552681000001,6.871981997000001,8.536135929,-3.8078318589999998,4.118421754,18.81695658,20.80433055,7.821139646000001,5.11082211,5.122331494,-0.406118305,-2.46489815,1.096357592,0.732520135,-2.370973645,19.78729213,18.39944365,3.424012831,3.1518954989999997
2012Q1,0.730771395,7.64881564,5.070610116,3.693363841,3.217497551,-4.019128161,11.11045928,-1.741251671,3.7366646130000003,12.33628059,4.355649917,11.13969818,-0.444809348,-0.653346822,2.224110388,1.750271322,14.26828949,8.588919571,1.115804527,3.5887096769999998,1.9858451540000002,9.426151974,2.95898393,-7.557203046000001,2.989689198,7.9237887,12.76757349,2.917859855,-0.7810899809999999,2.172397952,5.022493417,-2.9976487069999997,10.79618792,8.419518808,1.701640219,4.757038561,4.751748297,-3.68734965,0.42123787799999995,3.8473370510000002,0.338339684,10.13378169,5.2767489219999995,-3.2228606660000003,3.005272233,16.56821589,18.70383747,2.5806220630000003,5.3837922879999995,4.147343284,-0.10308436300000001,-2.476045439,1.372717204,0.8180160120000001,2.89754221,14.64449965,13.04492422,2.396920437,5.316367825
2012Q2,6.007930957999999,8.592933433999999,3.9892433489999997,2.625979168,2.991547925,-0.8976322590000001,8.871850907999999,-0.010681342,3.307569272,10.45006598,3.7999855460000003,8.792701147999999,-1.518311405,-2.037110934,0.43079575299999995,2.362546591,11.05392031,7.708917082,0.06813867,1.463649688,1.19616947,9.354484029,1.7700857030000001,-8.926675562,1.832854467,3.7521184560000003,13.35454023,1.356020751,-1.92096261,1.991594035,4.247250631,4.483452774,8.179526263,4.39829926,2.75640899,7.2303827179999995,6.135214433,-2.321640028,0.695738451,3.638081283,-1.516472297,7.564488497,5.122189338,-6.314347505,7.335815575,13.86351185,7.8808057520000006,5.526192676,7.256708105,3.293180482,-3.0514803460000004,-3.653098748,1.17145154,0.07811345900000001,6.493458905,13.65126035,11.51487219,2.718978415,3.994021323
2012Q3,3.489882672,6.18637928,1.968918317,1.876716674,2.574270441,1.96471236,10.618637800000002,1.618944844,2.712960573,9.108090725,5.699293643,6.038834535,-0.740977188,-1.297035062,0.043409142000000005,3.8507597060000003,10.70921808,6.552563972000001,0.277838957,0.8843786929999999,1.4853663469999998,4.962564797,1.5609198430000002,-7.496544463999999,1.599262815,3.6907862610000004,8.228814412,2.597653214,-1.654997331,-0.773460567,3.385068588,7.605891206,7.319009761,7.307093625,1.237739292,7.152178952000001,5.644553565,-1.9820147190000001,-0.34162330799999996,1.006119087,3.831458446,3.719013093,3.5349432610000004,-3.716985026,5.528328822000001,12.512742300000001,8.009844629,6.3244222379999995,2.261403922,3.519203772,-2.2844234780000003,-2.371162228,-0.9526074240000001,1.103993835,7.006078217000001,11.20979295,5.053353162,3.8466391960000004,4.022424334
2012Q4,-0.26807244,2.9004132869999997,2.179393327,2.848782522,2.120845921,2.340607321,9.554623832,7.004143287000001,2.316683185,9.999050808,7.102355952000001,5.3139928880000005,-1.064074897,-3.258140408,0.07112469099999999,2.462854212,7.884451491,6.43094717,0.144646471,0.35578975700000004,1.260020092,4.656468773,1.432412118,-6.5551684539999995,-0.175078615,3.998651367,9.695433117,2.864147955,-1.523363816,-0.411334907,2.247236607,9.399490132999999,6.269773974,6.810489037999999,3.013208715,6.168509802000001,7.438652837,-2.638800251,0.798779826,0.57411181,-0.493510509,3.353052685,1.4062452890000001,-4.409872482,7.024271715,11.00074994,4.646269767,7.036388557,4.967452485,1.8866601280000002,-3.1140605139999997,-3.7173618489999996,0.037517291,1.322129774,21.69939531,11.39819586,4.576502543999999,3.4723469839999996,3.568243243
2013Q1,4.212421897,19.00097396,3.141237007,1.160903013,1.074970673,5.306162444,9.929362724,1.591942809,2.383972533,10.30355086,5.370988351,4.0438772919999995,1.010636244,-8.492087064,-0.80856632,1.4522739059999998,6.460033621,7.673664841,-0.323028789,-0.540861691,0.504523949,3.077825742,0.5674197870000001,-6.310079365,2.984708557,5.659287653,9.843212437,-0.25113050800000003,-2.164521219,-0.474176971,3.1372306610000003,10.28685185,3.118918704,2.916552252,1.91580519,6.434350962000001,6.4057159079999995,6.0561565129999995,0.30574768399999996,2.80498417,4.903263804,-1.560579381,0.252300602,-1.344261673,6.295110545,7.81956125,-1.156737498,11.89624045,2.933460372,1.246348895,-3.535953844,-2.166753199,1.1908455740000001,0.569163753,7.928391853,15.76320706,3.909702932,2.8979265080000003,2.5838329
2013Q2,3.517896738,10.37757011,2.575499413,1.651686662,1.821057713,2.9275712769999997,11.78771352,-1.601429112,3.008587013,9.28879399,3.885787348,7.299788947000001,1.33455407,-5.376891586,0.472638796,2.065042809,6.994800821,5.466421372,1.166014771,2.194475226,1.598170895,1.795430094,3.0977072210000003,-5.097158008,5.67846729,6.615005692,17.17358468,1.626551885,-0.9875161109999999,1.497627181,4.136702545,7.55868617,3.492566076,5.344814119,4.998450682,8.608469494,6.5063699139999995,4.308029895,0.99914685,2.390475305,10.59202157,4.494521227,0.625569125,1.270683143,5.956015813,6.521577555,1.858619183,7.691297576,3.233721772,1.2971957920000001,0.600998341,-1.2566326509999999,1.248298972,2.3953093880000003,4.890582663,15.53104496,2.5459169669999997,4.734487714,3.164509448
2013Q3,-2.8395614869999997,11.9546065,3.3533366160000004,1.992753987,1.7279309680000001,0.768107144,10.05196566,-2.596167755,5.779447287999999,10.23473165,5.216137778,9.341706234,-0.30007955399999997,-6.958323178,2.149713061,1.701141434,9.642398672999999,5.161675403,1.6214310319999998,2.637957502,1.65639355,5.059096221,3.1359136430000003,-4.051651885,5.408217135,6.706737972999999,13.31738609,4.687309121,0.141786369,2.9035759989999996,4.989272714,4.634168968,4.387444287,6.171300154,7.628077435,8.439589105,6.542948526,6.380526121,1.9500770180000002,6.642589463999999,6.127063023,5.926016679,1.064271681,2.048884135,7.752814035,7.2685528139999995,2.893664625,7.875484577999999,6.428374309,1.01058197,1.515133536,-0.8451093390000001,2.30413064,2.500569334,4.138400826,15.67174626,2.8134194760000004,3.823099842,4.008682425
2013Q4,0.562626494,15.52399765,4.846786258,1.7676193980000001,2.2740271780000003,0.049911103,11.13158617,1.5872203619999998,5.045921899,10.51320054,5.31449127,7.679653676,-0.7550291690000001,-8.963276317,3.2557964860000004,2.07978291,9.621124207000001,3.74062956,1.51121061,2.17124679,1.668837102,9.333499676,2.7987174919999998,-6.714698106,4.7043024,6.450568101,11.27187463,4.189963328999999,0.058028863,2.70754523,4.53460023,0.361052374,4.776394977,4.780709715,6.989746094,7.897781283,5.470925471,5.824836508,1.347463861,10.20454906,8.317187451,5.770515892000001,3.481669377,3.1592076189999996,8.582564112,7.115271182000001,2.309654004,5.889813674,4.884616358,1.206128395,3.51269383,0.059333863,3.724869726,2.032168994,1.335368133,14.3638506,7.752530779,4.567334602,4.705859631
2014Q1,1.226015399,3.924193621,4.694901765,2.407530803,2.512186372,2.984571484,11.62380287,-2.188930365,5.465726375,8.35892888,5.155887299,9.614682144,-1.8252011730000002,-3.0624782660000003,4.400301709,3.302982472,7.870212173,4.704251737,2.6986847939999996,1.616989721,1.869140958,10.93525569,5.032534146000001,-3.418924862,8.24848528,-0.651160851,13.59962107,7.356246862999999,1.6867150990000002,3.30901676,5.114176272,9.154336806,4.533992998,6.112841863,10.17739138,10.55594957,4.971702927,4.055198236,1.8728819330000002,8.428483952999999,10.64102076,6.296892464,4.7202358239999995,0.816000945,6.859201011000001,5.750705762000001,6.213825514,2.781650485,3.5701107989999996,1.9523746309999999,3.7624926010000004,0.547304797,3.4344816039999997,2.255435138,1.052688252,16.825834699999998,4.329833778999999,5.785496221,3.5532291710000004
2014Q2,3.202675658,5.355502645,3.3093852939999997,3.168638519,1.877257046,-0.3629625,7.538322106,1.125801885,6.20850085,8.642497459,6.8685453160000005,5.729749517,-0.7054858940000001,-5.028089283,5.2012407839999995,1.5760842480000001,8.966882587,5.710566099999999,1.894331276,0.9042501690000001,1.044795513,9.342594856,3.525608647,-2.7710174530000002,7.689004574,5.103431737,10.36346127,8.858676499,0.697840362,2.140650827,4.146487571000001,0.5724890020000001,3.191154539,4.836168892,4.681316385,8.855829547999999,6.9162800970000005,1.558352577,1.066595283,7.418241279,5.144728088,1.497055685,4.106259235,3.322847737,6.131404927999999,8.774948435,4.829541046,1.301044131,2.880825048,2.174775028,3.637484236,0.58057,4.464637434,1.2267353509999999,3.280035569,10.18603098,7.772241231000001,5.156121798,4.6011360119999996
2014Q3,6.989408954,5.900552744,2.4305360940000003,2.7386692060000004,3.106366003,0.251394071,7.975067747000001,5.926653732999999,4.696354821,8.326681894,5.395792465,6.144658659,0.714739595,-2.093429382,6.097992075,2.38117064,7.031510432,4.709391222,2.246131213,1.267367261,1.5446774909999998,9.261841001,3.645038969,0.8032091179999999,8.487177158,9.124524826,9.896296246,7.970832564,0.617057862,1.150386847,3.563742079,5.589693576,2.688066081,3.854840044,7.085779957000001,8.853822376,4.913341612,2.098016332,1.4675558690000001,4.655693529,2.315831873,1.4670553999999998,4.454269094,2.145828156,5.337600826,8.106598199,3.0540195139999997,-1.075840979,3.6618371880000002,2.6184062040000002,3.627518882,1.425563,4.766292375,1.6782402719999998,2.501322256,11.43238677,10.67236181,4.323351002,5.090313538
2014Q4,2.023926474,7.6492597579999995,1.4222125980000002,3.060566918,2.8183816719999997,5.969557711,6.7443551820000005,3.42479518,3.2787016980000003,7.401698612000001,5.445800014,6.113084389,0.8087307309999999,-2.32114396,3.900662143,3.426996585,4.006029806,8.849305901000001,2.582811668,1.275438432,1.6984131359999999,6.579562145,4.333300988,0.748592392,7.960037494,9.347072208,8.120862066,10.38226469,0.6902342290000001,1.926385059,3.803330252,3.7895943819999998,1.910325354,3.0847163560000004,6.849099107000001,12.45267977,4.431977015,4.094921574,2.307973751,1.8992502119999999,3.37775967,0.011207462,2.630124878,-0.243115828,4.1976748210000006,10.07794876,-8.844003151,1.046910921,4.482930546,2.981709073,1.9664197069999998,2.042383351,5.073119139,2.082918265,2.9626657219999997,12.96550425,9.424639834,3.3665494889999996,4.4128531539999996
2015Q1,1.146397576,7.930329457999999,1.424634016,3.592417082,3.036260151,1.788382174,5.115017703,8.104115901,1.0771485729999999,7.359795595,6.764793145,4.386003685,1.63035542,0.602668963,6.876890749,3.3913088080000002,0.890993582,2.286326376,2.9989227869999997,1.3844968780000002,2.220335761,7.4192906039999995,2.861727362,-0.283326784,6.135745544,14.53608303,11.38116881,36.10251928,0.8465742079999999,3.422388771,5.5418451189999995,2.907205895,3.342088095,0.302944379,5.519028409,14.24302732,5.643263547,3.4143665889999997,1.278948137,2.81533402,6.421148855,-2.077002797,4.5826045980000005,4.334402445,7.933743422999999,6.680682253,-13.95156795,1.689785849,6.3264511820000005,3.791055238,2.965069681,3.640656414,6.220913547,1.1513183120000001,3.2987266539999998,10.22259227,18.64470425,2.327886902,4.476239873
2015Q2,3.5509700289999997,7.243900088999999,1.266236742,2.840149393,3.8487053810000003,6.604522495,4.066864299,9.784155822999999,-0.395513155,7.6654846679999995,7.517379522000001,4.177010631,2.065615766,2.180268794,6.859112262000001,3.6987046869999998,-1.7894530380000002,3.391470079,3.489616602,2.544519496,2.345120126,11.73257624,3.4320285489999995,0.228940124,5.677047076,14.26917538,9.73357507,30.347123600000003,1.7186417840000001,3.805130319,5.859891823,3.988886118,4.804358205,1.713487606,7.268901869,15.07687019,3.5071589430000003,7.360617274,3.2625457630000003,4.681765134,3.39018441,1.171257466,4.383578818999999,4.127261544,3.75491691,3.71150268,-12.73636862,4.215409943,6.198539977,4.441697156,2.0031393,4.371905358999999,6.68906417,0.925936718,2.787563463,15.50446888,19.43664992,3.405196984,4.770071873
2015Q3,3.3194495230000003,5.569902233,2.304462673,3.515623249,3.26223082,5.913927696,3.152494013,3.370601003,-0.55253675,6.613793512999999,5.7607443620000005,6.914350491,3.70815729,2.138190899,6.05937657,2.472634045,-4.483598103,3.867066431,3.574294451,1.902522445,2.240713517,9.65781269,3.368344314,-2.920615475,5.587190144,7.55151826,9.435125485,34.22444277,2.11135239,3.797545005,6.970622639,4.4295744169999995,4.8315340980000006,2.3367784609999998,1.202984694,13.93654788,5.13921054,5.70720772,4.050944997,5.163624976,7.068345521,-0.046382310999999996,4.210797218,3.587559906,6.959251523,6.058143232000001,-16.06679197,4.423662984,6.749831985,4.477843836,2.9700768369999997,4.550985164,6.617366225,0.50123591,4.867673611,15.08253058,28.72369891,3.063045181,3.7076288330000002
2015Q4,2.9526330830000003,-0.303787901,1.560264844,3.415812168,3.42945562,3.495226969,2.784493064,5.741581486,-0.9062827040000001,6.399068096000001,4.700613018,6.2416557489999995,2.456963115,5.430560982,6.008699001,1.6391882290000002,-4.081036199,2.3579892630000003,3.78538733,2.7780350030000003,2.248656932,7.33493218,3.809207467,0.045950795,9.150440732,7.083838313999999,11.93152102,38.07564605,2.127674405,2.604950343,5.939363292,5.609412545,3.029449128,3.774293575,4.099924638,13.71840614,4.028255414,5.847634854,2.401841181,4.530977893999999,6.885993262,-2.6848100489999998,7.497668502000001,3.380039431,6.650293153,4.289970948000001,-10.92652422,4.049849458,5.3271311269999995,5.552290302,5.016281636,4.992400763,7.243032301,0.23304135199999998,4.53699193,16.17517028,31.68963844,3.3606838039999998,3.026825296
2016Q1,4.46883053,1.599482563,1.621562369,5.140854492,2.319471776,5.042300526,2.927321408,7.595893604,0.6081980779999999,6.8883977960000005,3.215184564,7.306236349,2.955209548,4.7330385580000005,4.536185318,1.7954935090000002,-0.555492156,7.358150775,2.961190821,3.023093072,2.0266375969999997,7.574332033999999,3.4915424369999997,-1.205225583,3.432895285,4.471287403,11.00661856,2.038506163,3.11662569,1.1130409959999998,4.834351185,4.823359948999999,3.36867578,4.295121713,3.601455071,6.314130505,6.291373414,6.29451432,2.8822769989999997,5.949823105,5.658473277000001,-3.8169782189999997,3.7608462069999997,4.2914971710000005,5.126615054,2.259098278,-10.28001686,5.090626685,2.6581100490000003,2.275318547,3.827812986,3.34754872,3.742245922,0.39750408,4.863713623,13.4810688,21.09279211,3.6050008510000002,2.455477228
2016Q2,0.431798681,2.444028807,3.403074755,4.380915767,3.8490875460000002,3.304807298,5.280258268,3.69633597,0.6896608359999999,7.150698885,3.426425099,8.387159418,2.7558697939999997,4.990573361,4.44836615,4.005629329,-0.637836866,4.005484058,3.3871175630000003,2.6947116280000003,2.273174249,4.226954946,5.000134775,-0.041793027999999996,5.598361666000001,6.875204237,10.77049861,0.7351252559999999,2.774290005,0.655082635,5.641706972000001,4.934778439,2.972329769,4.013704757,4.054366811,5.147592043,6.162859167000001,7.113848102,2.55185504,5.2754035319999995,5.1980391589999995,0.002437529,3.786318273,3.446608002,10.05179775,3.5502965289999997,-5.204497235,4.265082776,3.0967113060000004,2.176545541,4.489307675,3.5482780419999997,4.060903015,1.886842167,6.73830293,12.26484095,17.29437395,4.057271733,2.5221960169999997
2016Q3,1.6158780590000001,0.113242138,3.2658985539999996,2.951562736,3.284394443,5.032397748999999,4.57523195,7.300051614,1.6491817359999998,7.69824088,3.5949473419999998,5.776041489,3.652420471,6.39598341,2.770501134,3.093339058,0.528669835,4.127844132,2.388339766,3.224822168,0.954328436,5.169468487,3.044392493,0.689255381,3.6294869939999996,11.59128549,11.22997347,1.215540076,2.052023981,0.32853932,4.408296931000001,4.878742709,1.882131164,3.377986499,8.086497524,5.634773629,5.735795121000001,8.58594225,2.190016481,5.649577316,7.307214827999999,-2.0283980980000003,3.361598564,3.600251058,5.214434187,2.049356164,-0.314863764,5.358740641,3.2998067069999997,0.659753435,3.964113063,3.5356170810000003,2.496950216,1.275204721,6.220604644,5.670302522999999,18.42320153,3.47631309,2.592120215
2016Q4,4.426172627,-1.247396602,6.849206275,3.1312842,3.3483842889999997,5.001542773,5.400196172,7.25145646,3.977079771,9.470229626,4.998305266,7.942398142,4.153213258,7.158427064,3.183059128,5.052834746,3.3460394589999995,6.773376157,2.527329055,2.68492657,1.245933045,5.769121195,2.868223007,-1.291593744,1.672402925,10.95538416,11.36351006,7.827101012999999,1.9005726219999999,1.060462768,5.083802818000001,3.585438569,4.790849402,4.911549388,5.824248021,4.6458623160000005,6.096100926,10.14120528,2.9955331739999997,7.163762439,7.3360474579999995,4.06872273,3.034007646,3.776672169,8.444313597,4.175807886,11.547616,4.716003698,6.657556819,1.444696776,4.074327197,3.0388504519999997,4.142738675,0.8634094409999999,6.880748368,15.80963654,22.76862515,4.489405298,3.171490112
2017Q1,5.501944089,8.662023007,8.119416913,2.888856785,4.7739453880000005,4.607761756,5.984149563,6.617115736000001,5.071835574,11.45332002,6.919242206,6.986098215,3.5167490310000002,7.004562272,4.814607865,5.116676955,4.361831199,6.40505131,3.5941603360000003,4.279309876,2.129683273,14.25182768,4.455075693,1.460390997,7.6689998479999995,5.878575832,11.3648148,8.468446608999999,2.390135714,0.986220245,4.890959054,2.963557222,5.299209516,8.747653855,3.8093037000000005,10.95740282,5.029565423,7.445424575,4.02136166,6.833983899,5.695374772,11.23033,6.567346164,4.381872795,12.07718753,9.007080182000001,10.17443651,5.041451392,9.144043015,2.9605524610000002,5.274202945,4.036201682,5.434968218,1.424558545,6.4549546179999995,15.23253547,30.13960088,4.456249886,3.58593145
2017Q2,6.445075059,7.104389219,6.575292553,3.00183187,3.292354869,4.899356453,4.836450551,8.577935066,6.973756653,10.72895234,7.372999393,6.240773925,4.601045259,6.701172494,5.779149435,4.543445198,4.282099155,10.24752927,3.055894683,3.6207587739999996,2.12917114,12.29974381,2.561996201,1.669249521,7.306223551,4.758037044,12.29430596,11.10653481,1.933901544,1.637479326,4.452586845,6.438723746,6.3746956720000005,7.678884653,3.9576069960000004,10.79711231,6.133192946,9.538713918,4.402005358,6.46908957,3.178870527,2.9955214710000004,6.263899718999999,4.960473564,10.05003,7.164689965,3.996960997,5.111605816,6.293819953,4.24754722,5.602857745,4.389470098,4.631016344,0.18734594100000002,5.461417364,16.47292685,24.17990633,2.912875591,3.962615472
2017Q3,5.24326602,4.04928225,6.647298137000001,3.516318025,2.762768496,5.17272644,4.467079275,8.024726966,5.562114998999999,10.82009067,6.760454039,7.07095585,5.631633304,6.553139105,7.237783297999999,3.757062721,4.215715622,8.423015319,3.874292115,3.3088235289999997,3.3178317880000003,15.60056439,4.171208396,3.115980542,8.463589545,4.6029527539999995,11.925569,13.83511796,2.073754507,2.549700998,7.796734607,6.731772907000001,7.544543735,9.376479867,2.674158706,10.34353666,4.38675271,9.677162056,4.285591299,7.741693026,3.594216204,5.977570063,7.8281346229999995,4.842470421,14.45035926,6.670084623999999,6.516961898,5.251384993,6.29760509,4.889593911,6.221892755,4.2191063589999995,4.637510036,1.1499025,6.198975218999999,25.2695815,24.25043488,3.9518830819999997,4.35716167
2017Q4,4.07560051,18.312524,3.591150559,3.685602102,3.102162565,4.9526644189999995,4.799390299,7.014552052999999,5.244308345,10.70711826,6.179559974,6.013999221000001,4.573582067,4.991863303,8.151768655,2.8249701110000003,4.581486562,9.835586611,4.2852915760000005,4.267789769,3.71065351,12.87468477,4.760305078,2.089462587,10.19953901,4.89856014,11.66076666,10.19854528,3.181323258,2.546047448,4.651642765,5.855992325,5.922791007000001,8.972737305,3.738981698,9.679725775,5.104971073,7.680779687999999,4.119245935,7.890756303,3.3978244089999996,5.485037105,6.489093442000001,6.066271865,12.39064607,6.561544694,6.5396782270000005,5.201640762,7.260429299,4.925642805,8.170146719,4.5768985760000005,4.3840243889999995,2.103715638,6.366915082,19.46775408,23.36757448,3.538550058,5.230060633
2018Q1,6.660939732999999,14.88329535,4.046830192,5.048424975,2.693787795,7.646754947000001,4.317810332,6.3913511210000005,4.5288331369999995,10.32120907,8.412810531,6.5741063010000005,4.4410705539999995,6.847251977999999,6.767256354,1.117533334,1.9628687569999999,8.389668139,3.640767243,3.817092236,2.956493772,10.2631661,3.037869852,2.72597676,9.896341799,8.424038934,13.56896837,13.74222595,2.743478525,1.2271297829999999,3.6845511760000003,3.940537079,5.716896907000001,7.465357752,5.154589486,4.809652814,5.164354432,8.279823273,5.5328938139999995,5.607570005,5.670735432000001,3.594191763,6.4428872639999994,4.473484837,9.672016502,10.97413354,10.15794923,6.9203799770000005,4.262183718,5.57018471,6.957912247,3.69955238,4.740771303,2.540966261,5.723094336,21.71290012,19.14761115,2.6654393919999997,5.750895536
2018Q2,5.312036844,12.36934123,5.361317263,3.569099038,3.3491844810000004,8.01426712,4.34921491,7.05231682,4.076361488,10.10032243,7.239959445,7.470469936000001,5.825943317999999,9.39869721,5.633021499,2.151081469,2.9556447660000003,7.462229731,3.614976885,3.571616988,2.508433798,10.81884359,4.0085602719999995,1.8992446680000001,10.0642645,7.283581334,11.40208661,10.70222964,2.417505886,1.129025421,3.9081163269999997,5.456697888,8.504195035,7.604912294,5.527412052000001,7.095924462,6.226969955,9.913505397,4.7567584830000005,5.620504245,7.112780744,9.023637131000001,6.198630409,4.100204962,12.00838331,15.09290321,18.26043296,7.07342632,8.08616717,6.305876052,5.93932876,3.7143430210000004,5.037108677,4.432211908,6.562176934,21.33767189,21.7880051,3.748395027,5.7167388820000005
2018Q3,6.161044835,6.275208589,5.239768819,3.676380801,3.394522686,4.6998116780000005,5.417002977999999,9.098242315,4.655841511,9.375186167999999,6.460273908,7.4586146310000005,5.007226318,5.828551622999999,5.260060596000001,3.669568107,4.3045375880000005,9.403580933999999,2.981042422,3.446055902,2.785658145,8.321256112,2.179123727,3.250408417,11.12912051,4.801667537,11.35682091,8.674790792000001,1.52274258,-0.626034718,2.286572525,3.308027229,8.597323096,6.034732991,7.289680518,8.822580008,4.633464899,8.103054947,4.691197675,4.002557916000001,4.981198863,8.885073289,7.140693077000001,4.866698497,11.11268214,15.98226303,15.6006326,7.101796157000001,9.440776393,6.633753259,7.431785124,3.375442283,3.5858433119999997,2.847691945,5.436180711,23.41303818,19.2407409,4.085592511000001,5.44655532
2018Q4,3.99724247,3.256644102,5.697921525,5.046361428,4.352413611,6.322237843,4.491659159,6.171639532,2.276588149,9.145552595,4.620337425,6.937168377000001,4.106878057,4.117100012,5.762178725,4.050688589,3.302897551,9.547051379,3.017426332,2.8981604589999996,2.7979513560000004,8.596843087,2.6603641369999997,2.076334047,10.72412907,6.1190613670000005,7.885378337000001,3.241607472,1.335726152,-0.962467073,2.793016647,6.716195428,9.152589007000001,9.352957441000001,4.910432159,8.369971836,5.038098214,7.74003913,4.475761762,2.602746839,7.997242217,7.229657295,6.667518452,5.391352319,10.76600115,13.38197763,12.99783499,5.45068644,4.881951375,4.990843266000001,6.240943511,3.7911539739999998,4.186163641,2.1409302059999997,5.038697668,14.22639024,17.69332806,3.62251041,4.861554912
2019Q1,2.673183034,11.63202753,5.110091293,3.3377789389999997,3.6266468260000004,5.59992427,4.092506447,12.83885022,2.8543731360000004,7.837914308999999,3.407845876,6.509205003,5.543654841,3.819658137,6.429291022999999,4.404719546,0.9325020490000001,10.30777599,3.0947722339999997,2.617284836,2.608122512,6.788940049,3.004323205,1.5896238480000002,10.50929635,3.486899447,8.063872923,6.627380696,1.183803511,0.9326555009999999,1.154298526,5.490035997000001,7.0104023820000005,7.993242324,4.965529579,8.821254665,4.459132046000001,4.397512923,4.508044193,3.881343334,7.573799521000001,4.5746112210000005,7.805890666,4.440672131,12.32130136,9.190191878,2.7678325530000003,4.702149953999999,4.236163438,6.517667922999999,6.394641849,4.0874319230000005,4.446375615,2.122154787,4.1412875,16.17036991,15.46027703,4.359470992,4.703374672
2019Q2,3.36545823,9.315141756000001,5.281932747,3.7014855260000004,3.358475312,6.0536887639999994,5.344248997,11.35298119,4.065055541,8.301542121,3.04498311,8.049566286000001,4.03068821,2.92648496,6.127950492999999,3.3579324919999998,0.6569020870000001,8.197793553,2.821859934,3.4263787010000004,3.17055375,9.959783835,1.909586437,3.2403176439999997,10.19205755,7.741656375,5.8707592,8.880699128,0.395169141,1.323069999,1.346182674,6.090446416,4.615087039,7.266870792000001,6.590445865,6.846962815,3.5813751810000003,3.909130448,4.936652894,3.915654429,4.977750521,-0.78910719,8.689386766,3.864973584,10.94688071,4.696307382,0.159878117,5.740162418,1.2521250720000001,4.906648435,5.837553841,3.4783976819999998,3.3776631939999997,0.7374632529999999,3.74125798,14.49973106,15.12057904,3.040393312,4.262984842
2019Q3,4.230988161,8.79258934,5.578618582000001,3.8021359219999997,3.703570594,5.530855236,6.055221992999999,4.070437502,2.773405356,7.568601563,-0.54117582,7.722080042999999,4.085595701,4.945324867,7.028597469,3.780106465,-0.575676469,8.6311865,3.4104265639999998,3.50413166,3.1843241769999997,13.46379137,3.613955704,1.6991006309999999,9.234198812999999,5.579119426,7.386145683,9.622967982999999,1.431157941,2.328390705,0.388592989,5.224339603,4.843647928999999,7.526159363,5.387624483,5.931793422999999,4.404546957,6.499892883999999,4.760127427,4.754052543,6.01378454,-1.607520935,7.9020683929999995,3.483781819,10.00452954,4.967459669,0.041314901,7.334135623,0.16562385,3.446779207,5.524273958999999,2.8660759060000003,5.107423569,1.3864906469999998,2.751365383,11.7213911,11.76626693,3.380931635,3.73666044
2019Q4,0.20453895800000002,7.936415789,3.9675995339999997,1.923609259,3.066799309,4.224527162,0.2,9.561121523999999,4.680012908999999,6.0,-1.248906941,8.350525608,4.133743911,4.2557546660000005,5.591003138,2.98002351,-1.445987336,6.70330473,2.696027729,2.2686010569999997,2.085390153,16.87938133,2.516225315,-0.5906772379999999,8.758536494,9.120524052,7.5265458679999995,10.29246076,1.21095253,0.5214888010000001,1.444273678,4.311703114,2.167283973,6.406230475,6.07483239,7.39702759,1.923003578,5.497983219,4.530874501,5.516264122999999,5.577459565,-0.021822607,7.0653792289999995,4.065530723999999,12.30820254,2.635897446,0.434168069,8.881970171,-2.054059321,4.851937292,4.420319663,3.070861396,3.195207855,1.98886375,1.908974538,17.65674281,6.21806628,2.7952383910000003,3.882012895
2020Q1,-2.968167026,1.8560271659999998,3.342653841,-2.552613322,-0.47631973,3.819765182,-1.5,3.44347489,1.432935347,-6.8,-6.537395496,5.1044303289999995,2.2332675440000003,2.055645855,1.926357001,1.74078434,-2.823529297,0.399446463,-1.200423059,0.522334609,-3.200244899,8.469319617,0.708188503,-2.742717921,5.955370961,1.404816245,-22.56982276,7.819940907,-4.886489751,-0.917052016,-2.8,1.151746264,-0.014194357,3.783366627,3.6485162030000002,3.1655415889999996,-0.323185811,3.057913454,2.239462773,3.5984232510000003,1.61484019,-0.353071422,5.716069458,-0.159595138,6.42874039,1.6,1.3,7.476226158999999,-0.8,-0.630303386,0.155265658,-2.642289359,2.549440116,-1.039232503,-1.328245578,16.01969765,3.76703884,0.64559862,2.006273794
2020Q2,-13.270164900000001,-14.67894595,-5.848294964,-13.05734524,-13.71299239,-9.104732895,-9.6,-6.446228913,-11.3,3.2,-8.12770064,-15.69313697,-15.85593949,-14.48541436,-7.1626959889999995,-6.188394206,-12.57658711,-8.443671325,-12.85101069,-4.841251601000001,-15.59456987,-6.777182552999999,-9.229697499,-17.112159899999998,-7.818166622000001,-5.696026992,-7.0,-2.51032885,-16.72896483,-8.696870262000001,-1.3,-10.32040176,-9.851712396,-4.434780723,-3.867569643,-14.89121326,-32.22643514,-21.80100178,-7.346225186,-7.692509752,-11.59265411,-7.879215003,-4.52935504,-13.22910611,-8.949375219,-8.0,-1.3,-5.255251631,-13.2,-10.40997121,-11.17613554,-20.63257258,-5.734783403,-9.714121849,-14.48824118,1.280796297,-6.9579286289999995,-13.54977031,-5.0
